category,text
politics,"An analysis models international relations performance in different settings."
politics,"Researchers examines public administration impacts with statistical methods."
politics,"This report indicates public administration trends across multiple years."
health,"An analysis explores vaccine efficacy performance in different settings."
health,"A long-term study examines public health outcomes using survey data."
politics,"A short-term study explores budget allocation outcomes using survey data."
business,"This report analyzes supply chain trends across multiple years."
politics,"A sustainable study highlights international relations outcomes using survey data."
business,"Researchers models supply chain impacts with statistical methods."
politics,"We models budget allocation effects based on administrative records."
health,"An analysis explores clinical trial performance in different settings."
politics,"An analysis indicates public policy performance in different settings."
politics,"We models voting system effects based on administrative records."
health,"An analysis indicates healthcare access performance in different settings."
business,"An analysis discusses startup funding performance in different settings."
business,"We shows operational efficiency effects based on administrative records."
politics,"This report indicates election policy trends across multiple years."
health,"This report discusses hospital capacity trends across multiple years."
business,"This report discusses investment strategy trends across multiple years."
business,"A innovative study indicates investment strategy outcomes using survey data."
politics,"This report indicates public policy trends across multiple years."
politics,"We analyzes government reform effects based on administrative records."
health,"Researchers analyzes vaccine efficacy impacts with statistical methods."
health,"A comparative study shows patient outcomes outcomes using survey data."
health,"We analyzes vaccine efficacy effects based on administrative records."
business,"Researchers highlights investment strategy impacts with statistical methods."
business,"This report evaluates operational efficiency trends across multiple years."
business,"Researchers analyzes startup funding impacts with statistical methods."
health,"We models medical imaging effects based on administrative records."
business,"This report indicates investment strategy trends across multiple years."
health,"A regional study evaluates medical imaging outcomes using survey data."
politics,"An analysis reports international relations performance in different settings."
business,"This report reports financial forecast trends across multiple years."
politics,"A sustainable study reports public policy outcomes using survey data."
health,"This report examines clinical trial trends across multiple years."
health,"An analysis indicates public health performance in different settings."
politics,"An analysis models international relations performance in different settings."
business,"A comparative study discusses customer growth outcomes using survey data."
politics,"A short-term study examines regulatory framework outcomes using survey data."
business,"A sustainable study examines supply chain outcomes using survey data."
health,"We indicates public health effects based on administrative records."
health,"This report analyzes disease prevention trends across multiple years."
politics,"This report shows international relations trends across multiple years."
business,"An analysis reports product launch performance in different settings."
business,"An analysis shows investment strategy performance in different settings."
health,"Researchers highlights disease prevention impacts with statistical methods."
business,"An analysis analyzes supply chain performance in different settings."
health,"We shows public health effects based on administrative records."
business,"Researchers analyzes startup funding impacts with statistical methods."
health,"An analysis analyzes hospital capacity performance in different settings."
business,"This report explores supply chain trends across multiple years."
politics,"Researchers evaluates public administration impacts with statistical methods."
politics,"This report discusses budget allocation trends across multiple years."
business,"A comparative study explores startup funding outcomes using survey data."
business,"A comparative study models supply chain outcomes using survey data."
politics,"An analysis examines government reform performance in different settings."
politics,"An analysis shows political campaign performance in different settings."
health,"This report examines disease prevention trends across multiple years."
politics,"A sustainable study reports political campaign outcomes using survey data."
business,"An analysis models quarterly earnings performance in different settings."
business,"Researchers evaluates product launch impacts with statistical methods."
politics,"An analysis examines international relations performance in different settings."
health,"A national study analyzes medical imaging outcomes using survey data."
health,"Researchers explores healthcare access impacts with statistical methods."
business,"We models market expansion effects based on administrative records."
health,"Researchers evaluates hospital capacity impacts with statistical methods."
health,"We analyzes healthcare access effects based on administrative records."
health,"An analysis explores medical imaging performance in different settings."
health,"Researchers explores treatment protocol impacts with statistical methods."
health,"This report highlights mental health trends across multiple years."
politics,"This report reports public policy trends across multiple years."
health,"A short-term study examines medical imaging outcomes using survey data."
politics,"This report examines international relations trends across multiple years."
politics,"An analysis highlights public administration performance in different settings."
politics,"A data-driven study examines government reform outcomes using survey data."
politics,"An analysis highlights parliament debate performance in different settings."
business,"A long-term study evaluates customer growth outcomes using survey data."
politics,"An analysis explores election policy performance in different settings."
business,"An analysis reports supply chain performance in different settings."
health,"We analyzes clinical trial effects based on administrative records."
politics,"A short-term study evaluates political campaign outcomes using survey data."
health,"Researchers reports vaccine efficacy impacts with statistical methods."
business,"A data-driven study evaluates operational efficiency outcomes using survey data."
health,"An analysis evaluates clinical trial performance in different settings."
business,"This report discusses startup funding trends across multiple years."
politics,"A evidence-based study indicates regulatory framework outcomes using survey data."
politics,"This report evaluates public policy trends across multiple years."
health,"We reports public health effects based on administrative records."
politics,"An analysis examines budget allocation performance in different settings."
politics,"An analysis indicates regulatory framework performance in different settings."
business,"An analysis discusses product launch performance in different settings."
health,"Researchers explores clinical trial impacts with statistical methods."
health,"Researchers indicates healthcare access impacts with statistical methods."
business,"A national study analyzes operational efficiency outcomes using survey data."
business,"Researchers highlights startup funding impacts with statistical methods."
business,"An analysis evaluates supply chain performance in different settings."
politics,"Researchers reports public policy impacts with statistical methods."
politics,"Researchers indicates budget allocation impacts with statistical methods."
health,"Researchers models treatment protocol impacts with statistical methods."
politics,"Researchers analyzes budget allocation impacts with statistical methods."
politics,"Researchers discusses voting system impacts with statistical methods."
politics,"An analysis shows public policy performance in different settings."
business,"An analysis explores product launch performance in different settings."
business,"A national study indicates operational efficiency outcomes using survey data."
politics,"We evaluates voting system effects based on administrative records."
business,"We models customer growth effects based on administrative records."
health,"An analysis highlights public health performance in different settings."
business,"This report indicates operational efficiency trends across multiple years."
business,"This report indicates corporate merger trends across multiple years."
health,"We discusses public health effects based on administrative records."
politics,"An analysis indicates government reform performance in different settings."
politics,"Researchers explores government reform impacts with statistical methods."
business,"An analysis explores customer growth performance in different settings."
business,"We discusses startup funding effects based on administrative records."
business,"This report highlights operational efficiency trends across multiple years."
politics,"An analysis shows election policy performance in different settings."
health,"This report highlights healthcare access trends across multiple years."
politics,"A long-term study examines parliament debate outcomes using survey data."
politics,"A national study examines voting system outcomes using survey data."
health,"An analysis highlights patient outcomes performance in different settings."
politics,"An analysis models political campaign performance in different settings."
health,"Researchers shows mental health impacts with statistical methods."
health,"We models mental health effects based on administrative records."
politics,"We examines international relations effects based on administrative records."
politics,"An analysis reports regulatory framework performance in different settings."
business,"This report models operational efficiency trends across multiple years."
business,"An analysis analyzes customer growth performance in different settings."
business,"Researchers reports investment strategy impacts with statistical methods."
business,"A comparative study reports corporate merger outcomes using survey data."
politics,"An analysis models budget allocation performance in different settings."
health,"We reports public health effects based on administrative records."
health,"An analysis models public health performance in different settings."
politics,"This report highlights budget allocation trends across multiple years."
business,"We explores customer growth effects based on administrative records."
business,"A comparative study reports supply chain outcomes using survey data."
health,"A national study evaluates vaccine efficacy outcomes using survey data."
health,"Researchers explores treatment protocol impacts with statistical methods."
health,"An analysis models hospital capacity performance in different settings."
politics,"We highlights regulatory framework effects based on administrative records."
politics,"This report explores public administration trends across multiple years."
politics,"A national study reports government reform outcomes using survey data."
politics,"We examines government reform effects based on administrative records."
health,"A sustainable study discusses treatment protocol outcomes using survey data."
health,"A data-driven study shows patient outcomes outcomes using survey data."
health,"We shows public health effects based on administrative records."
politics,"A data-driven study explores regulatory framework outcomes using survey data."
business,"An analysis reports market expansion performance in different settings."
politics,"We discusses budget allocation effects based on administrative records."
politics,"We highlights budget allocation effects based on administrative records."
politics,"This report explores public policy trends across multiple years."
business,"We examines corporate merger effects based on administrative records."
business,"We indicates product launch effects based on administrative records."
business,"We highlights market expansion effects based on administrative records."
politics,"This report analyzes political campaign trends across multiple years."
politics,"We reports public policy effects based on administrative records."
health,"This report evaluates clinical trial trends across multiple years."
health,"This report evaluates patient outcomes trends across multiple years."
health,"A regional study evaluates treatment protocol outcomes using survey data."
health,"We evaluates public health effects based on administrative records."
business,"Researchers analyzes quarterly earnings impacts with statistical methods."
politics,"Researchers discusses government reform impacts with statistical methods."
business,"Researchers evaluates supply chain impacts with statistical methods."
politics,"We highlights public administration effects based on administrative records."
business,"We indicates startup funding effects based on administrative records."
business,"Researchers examines corporate merger impacts with statistical methods."
health,"A long-term study highlights vaccine efficacy outcomes using survey data."
health,"Researchers evaluates disease prevention impacts with statistical methods."
health,"An analysis evaluates healthcare access performance in different settings."
politics,"Researchers examines public policy impacts with statistical methods."
politics,"We analyzes budget allocation effects based on administrative records."
politics,"An analysis discusses voting system performance in different settings."
business,"We indicates market expansion effects based on administrative records."
health,"Researchers discusses vaccine efficacy impacts with statistical methods."
business,"This report reports operational efficiency trends across multiple years."
business,"Researchers analyzes market expansion impacts with statistical methods."
health,"We reports vaccine efficacy effects based on administrative records."
health,"An analysis shows medical imaging performance in different settings."
business,"Researchers reports supply chain impacts with statistical methods."
health,"A regional study reports mental health outcomes using survey data."
politics,"A national study indicates public administration outcomes using survey data."
politics,"We reports parliament debate effects based on administrative records."
politics,"An analysis reports regulatory framework performance in different settings."
health,"This report examines vaccine efficacy trends across multiple years."
health,"Researchers reports disease prevention impacts with statistical methods."
health,"We discusses vaccine efficacy effects based on administrative records."
health,"A regional study examines disease prevention outcomes using survey data."
business,"Researchers analyzes corporate merger impacts with statistical methods."
politics,"An analysis reports parliament debate performance in different settings."
politics,"Researchers explores international relations impacts with statistical methods."
health,"Researchers explores vaccine efficacy impacts with statistical methods."
business,"This report indicates product launch trends across multiple years."
politics,"This report highlights public administration trends across multiple years."
business,"We highlights quarterly earnings effects based on administrative records."
business,"A sustainable study explores product launch outcomes using survey data."
health,"A long-term study shows clinical trial outcomes using survey data."
health,"We explores disease prevention effects based on administrative records."
politics,"An analysis evaluates budget allocation performance in different settings."
business,"Researchers shows supply chain impacts with statistical methods."
business,"A sustainable study evaluates customer growth outcomes using survey data."
business,"We discusses operational efficiency effects based on administrative records."
politics,"Researchers evaluates election policy impacts with statistical methods."
business,"This report evaluates customer growth trends across multiple years."
health,"A regional study indicates hospital capacity outcomes using survey data."
politics,"Researchers models voting system impacts with statistical methods."
politics,"An analysis discusses budget allocation performance in different settings."
business,"An analysis models investment strategy performance in different settings."
politics,"We examines voting system effects based on administrative records."
politics,"Researchers analyzes budget allocation impacts with statistical methods."
health,"Researchers evaluates treatment protocol impacts with statistical methods."
health,"A sustainable study indicates hospital capacity outcomes using survey data."
health,"We explores hospital capacity effects based on administrative records."
politics,"Researchers evaluates voting system impacts with statistical methods."
politics,"A evidence-based study examines political campaign outcomes using survey data."
politics,"This report reports budget allocation trends across multiple years."
politics,"We shows political campaign effects based on administrative records."
health,"Researchers evaluates vaccine efficacy impacts with statistical methods."
business,"This report models financial forecast trends across multiple years."
health,"This report models vaccine efficacy trends across multiple years."
health,"This report highlights patient outcomes trends across multiple years."
business,"Researchers evaluates customer growth impacts with statistical methods."
business,"An analysis shows financial forecast performance in different settings."
politics,"We discusses regulatory framework effects based on administrative records."
business,"Researchers models product launch impacts with statistical methods."
business,"Researchers indicates customer growth impacts with statistical methods."
health,"We analyzes healthcare access effects based on administrative records."
health,"An analysis shows public health performance in different settings."
health,"An analysis reports public health performance in different settings."
health,"A national study evaluates clinical trial outcomes using survey data."
politics,"A sustainable study evaluates election policy outcomes using survey data."
business,"An analysis evaluates market expansion performance in different settings."
politics,"We analyzes international relations effects based on administrative records."
business,"An analysis shows corporate merger performance in different settings."
health,"This report explores mental health trends across multiple years."
health,"A short-term study reports medical imaging outcomes using survey data."
business,"This report shows market expansion trends across multiple years."
business,"Researchers examines supply chain impacts with statistical methods."
politics,"This report models public policy trends across multiple years."
politics,"This report examines international relations trends across multiple years."
health,"An analysis evaluates clinical trial performance in different settings."
politics,"We analyzes voting system effects based on administrative records."
health,"An analysis indicates mental health performance in different settings."
business,"Researchers shows quarterly earnings impacts with statistical methods."
politics,"This report indicates regulatory framework trends across multiple years."
health,"Researchers discusses clinical trial impacts with statistical methods."
business,"We discusses financial forecast effects based on administrative records."
business,"Researchers models financial forecast impacts with statistical methods."
business,"We models investment strategy effects based on administrative records."
health,"We reports disease prevention effects based on administrative records."
business,"An analysis evaluates supply chain performance in different settings."
politics,"This report models parliament debate trends across multiple years."
politics,"We shows regulatory framework effects based on administrative records."
business,"This report indicates startup funding trends across multiple years."
business,"A sustainable study evaluates operational efficiency outcomes using survey data."
politics,"We indicates government reform effects based on administrative records."
health,"This report discusses clinical trial trends across multiple years."
business,"Researchers examines operational efficiency impacts with statistical methods."
business,"We analyzes financial forecast effects based on administrative records."
politics,"Researchers evaluates government reform impacts with statistical methods."
business,"An analysis discusses investment strategy performance in different settings."
business,"An analysis examines market expansion performance in different settings."
politics,"An analysis analyzes election policy performance in different settings."
business,"Researchers reports product launch impacts with statistical methods."
politics,"An analysis examines regulatory framework performance in different settings."
health,"This report discusses medical imaging trends across multiple years."
politics,"We models political campaign effects based on administrative records."
business,"We highlights product launch effects based on administrative records."
politics,"We shows budget allocation effects based on administrative records."
business,"Researchers discusses operational efficiency impacts with statistical methods."
business,"Researchers explores supply chain impacts with statistical methods."
business,"We reports quarterly earnings effects based on administrative records."
politics,"A sustainable study indicates international relations outcomes using survey data."
business,"An analysis indicates market expansion performance in different settings."
business,"An analysis shows startup funding performance in different settings."
politics,"This report examines international relations trends across multiple years."
politics,"This report explores public policy trends across multiple years."
politics,"Researchers reports parliament debate impacts with statistical methods."
business,"We analyzes quarterly earnings effects based on administrative records."
business,"An analysis indicates market expansion performance in different settings."
health,"Researchers analyzes medical imaging impacts with statistical methods."
politics,"Researchers reports government reform impacts with statistical methods."
business,"An analysis discusses customer growth performance in different settings."
health,"A sustainable study indicates clinical trial outcomes using survey data."
health,"We shows disease prevention effects based on administrative records."
politics,"Researchers discusses government reform impacts with statistical methods."
business,"We discusses market expansion effects based on administrative records."
politics,"This report examines international relations trends across multiple years."
politics,"We discusses government reform effects based on administrative records."
politics,"Researchers models regulatory framework impacts with statistical methods."
business,"We reports financial forecast effects based on administrative records."
politics,"This report indicates government reform trends across multiple years."
politics,"We evaluates voting system effects based on administrative records."
politics,"Researchers evaluates voting system impacts with statistical methods."
business,"We models customer growth effects based on administrative records."
business,"We highlights startup funding effects based on administrative records."
politics,"This report indicates parliament debate trends across multiple years."
politics,"An analysis evaluates regulatory framework performance in different settings."
politics,"Researchers indicates international relations impacts with statistical methods."
health,"This report highlights healthcare access trends across multiple years."
business,"We discusses market expansion effects based on administrative records."
health,"An analysis examines medical imaging performance in different settings."
politics,"A evidence-based study explores parliament debate outcomes using survey data."
business,"We analyzes market expansion effects based on administrative records."
health,"We models patient outcomes effects based on administrative records."
business,"Researchers highlights startup funding impacts with statistical methods."
health,"This report indicates treatment protocol trends across multiple years."
politics,"A short-term study models regulatory framework outcomes using survey data."
politics,"An analysis indicates political campaign performance in different settings."
business,"An analysis discusses startup funding performance in different settings."
health,"We highlights patient outcomes effects based on administrative records."
politics,"An analysis indicates political campaign performance in different settings."
politics,"A data-driven study evaluates regulatory framework outcomes using survey data."
politics,"A sustainable study indicates regulatory framework outcomes using survey data."
health,"A regional study evaluates healthcare access outcomes using survey data."
business,"An analysis evaluates product launch performance in different settings."
health,"Researchers shows healthcare access impacts with statistical methods."
politics,"An analysis shows election policy performance in different settings."
politics,"Researchers evaluates regulatory framework impacts with statistical methods."
business,"Researchers models corporate merger impacts with statistical methods."
health,"This report highlights disease prevention trends across multiple years."
business,"This report models customer growth trends across multiple years."
health,"A regional study highlights vaccine efficacy outcomes using survey data."
politics,"This report evaluates political campaign trends across multiple years."
politics,"We indicates public policy effects based on administrative records."
politics,"This report reports budget allocation trends across multiple years."
health,"This report indicates hospital capacity trends across multiple years."
business,"We evaluates supply chain effects based on administrative records."
politics,"This report models international relations trends across multiple years."
business,"We analyzes quarterly earnings effects based on administrative records."
politics,"Researchers explores election policy impacts with statistical methods."
business,"An analysis models product launch performance in different settings."
health,"Researchers indicates patient outcomes impacts with statistical methods."
politics,"We examines regulatory framework effects based on administrative records."
politics,"We indicates budget allocation effects based on administrative records."
health,"A evidence-based study shows public health outcomes using survey data."
business,"This report discusses product launch trends across multiple years."
health,"Researchers evaluates patient outcomes impacts with statistical methods."
business,"Researchers models market expansion impacts with statistical methods."
business,"Researchers explores market expansion impacts with statistical methods."
business,"This report models customer growth trends across multiple years."
politics,"Researchers examines political campaign impacts with statistical methods."
politics,"Researchers examines election policy impacts with statistical methods."
health,"This report highlights disease prevention trends across multiple years."
health,"This report highlights mental health trends across multiple years."
health,"A long-term study explores hospital capacity outcomes using survey data."
business,"Researchers discusses quarterly earnings impacts with statistical methods."
health,"An analysis discusses healthcare access performance in different settings."
health,"We evaluates clinical trial effects based on administrative records."
health,"An analysis shows healthcare access performance in different settings."
business,"An analysis evaluates market expansion performance in different settings."
health,"An analysis highlights public health performance in different settings."
politics,"This report explores election policy trends across multiple years."
health,"This report examines public health trends across multiple years."
politics,"A evidence-based study highlights election policy outcomes using survey data."
health,"A long-term study models medical imaging outcomes using survey data."
health,"A evidence-based study reports treatment protocol outcomes using survey data."
health,"An analysis reports treatment protocol performance in different settings."
health,"A innovative study examines public health outcomes using survey data."
politics,"An analysis shows parliament debate performance in different settings."
business,"A regional study indicates market expansion outcomes using survey data."
health,"An analysis analyzes medical imaging performance in different settings."
health,"An analysis models treatment protocol performance in different settings."
politics,"A sustainable study models parliament debate outcomes using survey data."
politics,"We models international relations effects based on administrative records."
health,"A sustainable study reports vaccine efficacy outcomes using survey data."
health,"We discusses medical imaging effects based on administrative records."
health,"A regional study analyzes patient outcomes outcomes using survey data."
politics,"Researchers examines government reform impacts with statistical methods."
business,"An analysis models market expansion performance in different settings."
business,"A sustainable study explores investment strategy outcomes using survey data."
health,"A regional study reports medical imaging outcomes using survey data."
politics,"We models government reform effects based on administrative records."
politics,"A data-driven study evaluates election policy outcomes using survey data."
business,"We discusses supply chain effects based on administrative records."
business,"This report examines quarterly earnings trends across multiple years."
health,"We evaluates mental health effects based on administrative records."
politics,"This report highlights political campaign trends across multiple years."
politics,"We shows international relations effects based on administrative records."
politics,"We explores political campaign effects based on administrative records."
health,"This report analyzes public health trends across multiple years."
business,"This report examines financial forecast trends across multiple years."
health,"This report examines patient outcomes trends across multiple years."
politics,"An analysis examines public policy performance in different settings."
health,"We discusses vaccine efficacy effects based on administrative records."
politics,"A long-term study explores regulatory framework outcomes using survey data."
business,"An analysis shows market expansion performance in different settings."
politics,"A national study models public administration outcomes using survey data."
business,"A regional study shows quarterly earnings outcomes using survey data."
health,"An analysis discusses hospital capacity performance in different settings."
business,"We shows financial forecast effects based on administrative records."
business,"An analysis examines market expansion performance in different settings."
health,"An analysis examines hospital capacity performance in different settings."
business,"This report indicates quarterly earnings trends across multiple years."
health,"Researchers analyzes treatment protocol impacts with statistical methods."
business,"An analysis analyzes corporate merger performance in different settings."
business,"This report explores corporate merger trends across multiple years."
health,"We explores public health effects based on administrative records."
politics,"This report highlights public administration trends across multiple years."
health,"Researchers models medical imaging impacts with statistical methods."
business,"Researchers indicates market expansion impacts with statistical methods."
business,"We analyzes operational efficiency effects based on administrative records."
business,"An analysis analyzes startup funding performance in different settings."
health,"Researchers highlights medical imaging impacts with statistical methods."
health,"An analysis discusses vaccine efficacy performance in different settings."
health,"An analysis reports patient outcomes performance in different settings."
business,"We shows market expansion effects based on administrative records."
politics,"Researchers evaluates public policy impacts with statistical methods."
politics,"A data-driven study models parliament debate outcomes using survey data."
politics,"Researchers indicates election policy impacts with statistical methods."
health,"An analysis reports healthcare access performance in different settings."
health,"This report indicates patient outcomes trends across multiple years."
health,"This report explores public health trends across multiple years."
politics,"An analysis reports regulatory framework performance in different settings."
health,"This report reports medical imaging trends across multiple years."
health,"Researchers examines hospital capacity impacts with statistical methods."
health,"This report discusses medical imaging trends across multiple years."
business,"Researchers discusses market expansion impacts with statistical methods."
health,"We highlights healthcare access effects based on administrative records."
health,"This report shows vaccine efficacy trends across multiple years."
business,"Researchers analyzes product launch impacts with statistical methods."
politics,"We evaluates budget allocation effects based on administrative records."
health,"A comparative study models disease prevention outcomes using survey data."
politics,"This report evaluates public policy trends across multiple years."
politics,"This report reports international relations trends across multiple years."
business,"We reports corporate merger effects based on administrative records."
business,"We highlights quarterly earnings effects based on administrative records."
business,"An analysis highlights market expansion performance in different settings."
politics,"This report indicates parliament debate trends across multiple years."
business,"An analysis analyzes quarterly earnings performance in different settings."
health,"We evaluates clinical trial effects based on administrative records."
health,"We evaluates hospital capacity effects based on administrative records."
politics,"An analysis analyzes voting system performance in different settings."
business,"An analysis discusses product launch performance in different settings."
politics,"We models voting system effects based on administrative records."
health,"A evidence-based study examines patient outcomes outcomes using survey data."
health,"This report highlights medical imaging trends across multiple years."
business,"An analysis analyzes operational efficiency performance in different settings."
health,"Researchers shows disease prevention impacts with statistical methods."
business,"Researchers explores product launch impacts with statistical methods."
health,"An analysis examines mental health performance in different settings."
business,"An analysis shows market expansion performance in different settings."
politics,"An analysis shows government reform performance in different settings."
business,"A long-term study examines operational efficiency outcomes using survey data."
business,"We examines supply chain effects based on administrative records."
health,"We shows disease prevention effects based on administrative records."
politics,"We shows voting system effects based on administrative records."
business,"Researchers evaluates operational efficiency impacts with statistical methods."
business,"This report analyzes quarterly earnings trends across multiple years."
business,"An analysis models investment strategy performance in different settings."
politics,"This report evaluates international relations trends across multiple years."
business,"A national study models supply chain outcomes using survey data."
business,"We models customer growth effects based on administrative records."
health,"A innovative study examines patient outcomes outcomes using survey data."
politics,"We explores public administration effects based on administrative records."
business,"We highlights quarterly earnings effects based on administrative records."
health,"Researchers discusses disease prevention impacts with statistical methods."
business,"Researchers explores operational efficiency impacts with statistical methods."
business,"A innovative study models financial forecast outcomes using survey data."
politics,"A short-term study explores regulatory framework outcomes using survey data."
health,"We evaluates patient outcomes effects based on administrative records."
politics,"We reports political campaign effects based on administrative records."
health,"This report models public health trends across multiple years."
business,"We examines investment strategy effects based on administrative records."
politics,"A long-term study examines international relations outcomes using survey data."
health,"This report reports hospital capacity trends across multiple years."
health,"Researchers examines medical imaging impacts with statistical methods."
health,"We discusses patient outcomes effects based on administrative records."
health,"Researchers reports clinical trial impacts with statistical methods."
business,"A evidence-based study evaluates investment strategy outcomes using survey data."
politics,"We evaluates parliament debate effects based on administrative records."
business,"Researchers models market expansion impacts with statistical methods."
business,"We evaluates supply chain effects based on administrative records."
health,"A recent study evaluates healthcare access outcomes using survey data."
business,"This report explores supply chain trends across multiple years."
politics,"Researchers models public policy impacts with statistical methods."
business,"We examines financial forecast effects based on administrative records."
politics,"A short-term study examines election policy outcomes using survey data."
health,"We models patient outcomes effects based on administrative records."
politics,"An analysis discusses regulatory framework performance in different settings."
business,"A recent study evaluates investment strategy outcomes using survey data."
business,"We shows product launch effects based on administrative records."
business,"A sustainable study highlights supply chain outcomes using survey data."
politics,"This report reports parliament debate trends across multiple years."
health,"An analysis highlights treatment protocol performance in different settings."
health,"Researchers examines mental health impacts with statistical methods."
health,"Researchers shows clinical trial impacts with statistical methods."
business,"An analysis reports market expansion performance in different settings."
health,"An analysis reports mental health performance in different settings."
health,"We highlights vaccine efficacy effects based on administrative records."
business,"An analysis shows quarterly earnings performance in different settings."
health,"A comparative study evaluates public health outcomes using survey data."
business,"A sustainable study models market expansion outcomes using survey data."
health,"An analysis reports patient outcomes performance in different settings."
health,"An analysis models vaccine efficacy performance in different settings."
health,"Researchers shows public health impacts with statistical methods."
health,"An analysis highlights vaccine efficacy performance in different settings."
politics,"We evaluates international relations effects based on administrative records."
politics,"An analysis analyzes public administration performance in different settings."
health,"Researchers models patient outcomes impacts with statistical methods."
politics,"Researchers indicates public policy impacts with statistical methods."
health,"This report highlights disease prevention trends across multiple years."
health,"This report shows treatment protocol trends across multiple years."
business,"A long-term study evaluates supply chain outcomes using survey data."
health,"Researchers models treatment protocol impacts with statistical methods."
politics,"A sustainable study reports parliament debate outcomes using survey data."
politics,"An analysis analyzes political campaign performance in different settings."
politics,"An analysis analyzes public administration performance in different settings."
business,"Researchers models market expansion impacts with statistical methods."
politics,"An analysis explores international relations performance in different settings."
politics,"Researchers discusses international relations impacts with statistical methods."
politics,"Researchers shows voting system impacts with statistical methods."
health,"We explores patient outcomes effects based on administrative records."
health,"This report analyzes public health trends across multiple years."
politics,"We analyzes election policy effects based on administrative records."
business,"Researchers indicates investment strategy impacts with statistical methods."
health,"This report evaluates clinical trial trends across multiple years."
health,"A long-term study discusses treatment protocol outcomes using survey data."
politics,"This report models public policy trends across multiple years."
politics,"This report evaluates political campaign trends across multiple years."
health,"Researchers shows patient outcomes impacts with statistical methods."
health,"We analyzes vaccine efficacy effects based on administrative records."
politics,"We highlights government reform effects based on administrative records."
politics,"This report discusses budget allocation trends across multiple years."
business,"This report reports quarterly earnings trends across multiple years."
business,"An analysis shows quarterly earnings performance in different settings."
business,"An analysis models corporate merger performance in different settings."
politics,"This report models voting system trends across multiple years."
politics,"This report shows public policy trends across multiple years."
business,"We analyzes product launch effects based on administrative records."
health,"A innovative study indicates hospital capacity outcomes using survey data."
health,"An analysis reports public health performance in different settings."
business,"We highlights supply chain effects based on administrative records."
business,"This report indicates financial forecast trends across multiple years."
business,"We examines customer growth effects based on administrative records."
health,"This report models hospital capacity trends across multiple years."
business,"A short-term study discusses financial forecast outcomes using survey data."
health,"Researchers shows hospital capacity impacts with statistical methods."
politics,"A recent study evaluates voting system outcomes using survey data."
business,"A evidence-based study examines supply chain outcomes using survey data."
business,"Researchers examines startup funding impacts with statistical methods."
business,"Researchers explores operational efficiency impacts with statistical methods."
business,"A data-driven study evaluates corporate merger outcomes using survey data."
business,"We indicates supply chain effects based on administrative records."
politics,"This report models voting system trends across multiple years."
politics,"A sustainable study shows public administration outcomes using survey data."
politics,"This report examines government reform trends across multiple years."
business,"An analysis reports corporate merger performance in different settings."
politics,"An analysis evaluates parliament debate performance in different settings."
business,"Researchers shows supply chain impacts with statistical methods."
business,"A recent study explores corporate merger outcomes using survey data."
business,"We examines operational efficiency effects based on administrative records."
health,"We reports treatment protocol effects based on administrative records."
business,"We discusses customer growth effects based on administrative records."
health,"A short-term study analyzes medical imaging outcomes using survey data."
health,"We analyzes treatment protocol effects based on administrative records."
health,"Researchers explores treatment protocol impacts with statistical methods."
health,"An analysis analyzes medical imaging performance in different settings."
health,"A innovative study analyzes patient outcomes outcomes using survey data."
health,"A evidence-based study discusses medical imaging outcomes using survey data."
politics,"Researchers shows budget allocation impacts with statistical methods."
business,"This report reports operational efficiency trends across multiple years."
politics,"An analysis explores election policy performance in different settings."
business,"An analysis explores investment strategy performance in different settings."
health,"A long-term study highlights mental health outcomes using survey data."
politics,"An analysis discusses public administration performance in different settings."
health,"Researchers indicates vaccine efficacy impacts with statistical methods."
health,"An analysis models clinical trial performance in different settings."
business,"This report explores operational efficiency trends across multiple years."
business,"An analysis highlights financial forecast performance in different settings."
politics,"This report explores voting system trends across multiple years."
business,"We discusses quarterly earnings effects based on administrative records."
health,"Researchers reports public health impacts with statistical methods."
health,"Researchers evaluates public health impacts with statistical methods."
politics,"We examines government reform effects based on administrative records."
health,"An analysis explores treatment protocol performance in different settings."
politics,"A data-driven study models voting system outcomes using survey data."
health,"An analysis models medical imaging performance in different settings."
business,"An analysis analyzes investment strategy performance in different settings."
politics,"A innovative study explores government reform outcomes using survey data."
business,"A data-driven study discusses corporate merger outcomes using survey data."
politics,"A evidence-based study analyzes public policy outcomes using survey data."
health,"An analysis discusses vaccine efficacy performance in different settings."
health,"We shows disease prevention effects based on administrative records."
politics,"We models parliament debate effects based on administrative records."
business,"Researchers highlights operational efficiency impacts with statistical methods."
business,"Researchers models operational efficiency impacts with statistical methods."
politics,"Researchers explores election policy impacts with statistical methods."
business,"An analysis discusses supply chain performance in different settings."
business,"An analysis reports investment strategy performance in different settings."
business,"This report evaluates supply chain trends across multiple years."
business,"An analysis shows investment strategy performance in different settings."
health,"A regional study highlights patient outcomes outcomes using survey data."
health,"An analysis indicates clinical trial performance in different settings."
politics,"A long-term study evaluates public policy outcomes using survey data."
health,"A short-term study examines clinical trial outcomes using survey data."
politics,"This report explores election policy trends across multiple years."
health,"We analyzes mental health effects based on administrative records."
health,"An analysis explores disease prevention performance in different settings."
business,"A long-term study analyzes market expansion outcomes using survey data."
health,"We indicates medical imaging effects based on administrative records."
business,"This report indicates product launch trends across multiple years."
politics,"Researchers models budget allocation impacts with statistical methods."
politics,"An analysis indicates political campaign performance in different settings."
politics,"This report shows international relations trends across multiple years."
politics,"Researchers indicates budget allocation impacts with statistical methods."
health,"We highlights healthcare access effects based on administrative records."
health,"We analyzes medical imaging effects based on administrative records."
business,"Researchers models investment strategy impacts with statistical methods."
politics,"An analysis analyzes political campaign performance in different settings."
politics,"Researchers discusses public policy impacts with statistical methods."
health,"An analysis shows hospital capacity performance in different settings."
business,"A innovative study reports financial forecast outcomes using survey data."
business,"A recent study examines supply chain outcomes using survey data."
business,"An analysis discusses investment strategy performance in different settings."
politics,"A innovative study highlights public administration outcomes using survey data."
business,"A innovative study highlights supply chain outcomes using survey data."
politics,"We discusses election policy effects based on administrative records."
business,"This report discusses corporate merger trends across multiple years."
business,"Researchers indicates operational efficiency impacts with statistical methods."
politics,"We highlights public policy effects based on administrative records."
health,"An analysis reports disease prevention performance in different settings."
business,"An analysis models customer growth performance in different settings."
business,"This report reports financial forecast trends across multiple years."
business,"This report analyzes market expansion trends across multiple years."
business,"An analysis models financial forecast performance in different settings."
health,"An analysis analyzes mental health performance in different settings."
politics,"A innovative study shows parliament debate outcomes using survey data."
business,"Researchers evaluates corporate merger impacts with statistical methods."
politics,"An analysis discusses voting system performance in different settings."
health,"A short-term study highlights disease prevention outcomes using survey data."
health,"This report examines public health trends across multiple years."
business,"Researchers models supply chain impacts with statistical methods."
business,"This report discusses product launch trends across multiple years."
politics,"This report indicates parliament debate trends across multiple years."
health,"An analysis analyzes healthcare access performance in different settings."
politics,"A comparative study explores voting system outcomes using survey data."
politics,"An analysis examines parliament debate performance in different settings."
health,"This report indicates disease prevention trends across multiple years."
politics,"A national study models international relations outcomes using survey data."
politics,"Researchers indicates regulatory framework impacts with statistical methods."
health,"We evaluates disease prevention effects based on administrative records."
business,"A long-term study discusses startup funding outcomes using survey data."
business,"A long-term study shows corporate merger outcomes using survey data."
politics,"We highlights voting system effects based on administrative records."
politics,"An analysis examines public administration performance in different settings."
business,"An analysis highlights supply chain performance in different settings."
politics,"This report evaluates international relations trends across multiple years."
business,"A long-term study highlights supply chain outcomes using survey data."
business,"We shows financial forecast effects based on administrative records."
business,"This report evaluates investment strategy trends across multiple years."
politics,"An analysis models public administration performance in different settings."
business,"Researchers analyzes investment strategy impacts with statistical methods."
business,"Researchers evaluates quarterly earnings impacts with statistical methods."
politics,"We models budget allocation effects based on administrative records."
health,"Researchers highlights vaccine efficacy impacts with statistical methods."
business,"We evaluates operational efficiency effects based on administrative records."
business,"A sustainable study examines investment strategy outcomes using survey data."
business,"This report discusses supply chain trends across multiple years."
business,"Researchers highlights investment strategy impacts with statistical methods."
politics,"We reports regulatory framework effects based on administrative records."
business,"We models customer growth effects based on administrative records."
politics,"Researchers examines parliament debate impacts with statistical methods."
politics,"An analysis examines political campaign performance in different settings."
health,"We models public health effects based on administrative records."
health,"This report explores medical imaging trends across multiple years."
politics,"A short-term study examines public policy outcomes using survey data."
politics,"An analysis reports political campaign performance in different settings."
politics,"We models regulatory framework effects based on administrative records."
politics,"This report shows political campaign trends across multiple years."
business,"This report indicates quarterly earnings trends across multiple years."
health,"This report explores vaccine efficacy trends across multiple years."
health,"Researchers models medical imaging impacts with statistical methods."
health,"This report shows treatment protocol trends across multiple years."
politics,"We examines regulatory framework effects based on administrative records."
business,"This report models quarterly earnings trends across multiple years."
politics,"This report indicates election policy trends across multiple years."
business,"An analysis reports operational efficiency performance in different settings."
politics,"An analysis indicates public policy performance in different settings."
politics,"Researchers examines regulatory framework impacts with statistical methods."
health,"We analyzes disease prevention effects based on administrative records."
business,"A long-term study examines financial forecast outcomes using survey data."
business,"An analysis evaluates customer growth performance in different settings."
business,"We reports startup funding effects based on administrative records."
politics,"A long-term study shows parliament debate outcomes using survey data."
politics,"A long-term study examines regulatory framework outcomes using survey data."
health,"An analysis discusses public health performance in different settings."
business,"We indicates product launch effects based on administrative records."
politics,"We examines government reform effects based on administrative records."
health,"A evidence-based study highlights treatment protocol outcomes using survey data."
health,"A data-driven study discusses treatment protocol outcomes using survey data."
business,"An analysis discusses corporate merger performance in different settings."
business,"This report indicates quarterly earnings trends across multiple years."
business,"Researchers explores corporate merger impacts with statistical methods."
politics,"We evaluates budget allocation effects based on administrative records."
politics,"A comparative study shows political campaign outcomes using survey data."
health,"We shows mental health effects based on administrative records."
health,"This report indicates vaccine efficacy trends across multiple years."
politics,"An analysis examines budget allocation performance in different settings."
politics,"This report shows public administration trends across multiple years."
business,"Researchers evaluates supply chain impacts with statistical methods."
health,"This report examines hospital capacity trends across multiple years."
politics,"A long-term study reports voting system outcomes using survey data."
health,"A recent study discusses mental health outcomes using survey data."
business,"We indicates supply chain effects based on administrative records."
politics,"We models budget allocation effects based on administrative records."
business,"We evaluates market expansion effects based on administrative records."
health,"A sustainable study examines clinical trial outcomes using survey data."
health,"An analysis highlights patient outcomes performance in different settings."
business,"A innovative study explores operational efficiency outcomes using survey data."
politics,"We shows public administration effects based on administrative records."
business,"We highlights startup funding effects based on administrative records."
politics,"We explores voting system effects based on administrative records."
politics,"Researchers examines political campaign impacts with statistical methods."
health,"An analysis evaluates hospital capacity performance in different settings."
politics,"An analysis discusses regulatory framework performance in different settings."
business,"A national study indicates product launch outcomes using survey data."
health,"We analyzes medical imaging effects based on administrative records."
politics,"We evaluates parliament debate effects based on administrative records."
politics,"Researchers shows international relations impacts with statistical methods."
business,"We indicates market expansion effects based on administrative records."
health,"This report analyzes healthcare access trends across multiple years."
health,"Researchers evaluates healthcare access impacts with statistical methods."
politics,"Researchers discusses government reform impacts with statistical methods."
politics,"A comparative study shows political campaign outcomes using survey data."
business,"An analysis discusses investment strategy performance in different settings."
politics,"A short-term study highlights parliament debate outcomes using survey data."
politics,"Researchers analyzes budget allocation impacts with statistical methods."
health,"We discusses medical imaging effects based on administrative records."
health,"This report discusses vaccine efficacy trends across multiple years."
business,"An analysis indicates operational efficiency performance in different settings."
business,"We highlights investment strategy effects based on administrative records."
health,"We models medical imaging effects based on administrative records."
business,"Researchers discusses customer growth impacts with statistical methods."
business,"We models corporate merger effects based on administrative records."
business,"We indicates product launch effects based on administrative records."
health,"An analysis highlights patient outcomes performance in different settings."
health,"This report examines healthcare access trends across multiple years."
business,"A evidence-based study highlights financial forecast outcomes using survey data."
politics,"A comparative study indicates political campaign outcomes using survey data."
business,"This report evaluates quarterly earnings trends across multiple years."
business,"This report discusses customer growth trends across multiple years."
business,"We models customer growth effects based on administrative records."
politics,"A long-term study explores public policy outcomes using survey data."
health,"An analysis analyzes disease prevention performance in different settings."
health,"We highlights mental health effects based on administrative records."
politics,"We shows international relations effects based on administrative records."
politics,"We indicates voting system effects based on administrative records."
business,"Researchers models corporate merger impacts with statistical methods."
politics,"Researchers models political campaign impacts with statistical methods."
health,"An analysis analyzes healthcare access performance in different settings."
politics,"Researchers reports public policy impacts with statistical methods."
politics,"Researchers explores budget allocation impacts with statistical methods."
politics,"An analysis indicates government reform performance in different settings."
politics,"An analysis models budget allocation performance in different settings."
business,"A short-term study models supply chain outcomes using survey data."
business,"Researchers examines customer growth impacts with statistical methods."
health,"A recent study explores hospital capacity outcomes using survey data."
health,"We reports treatment protocol effects based on administrative records."
health,"This report explores patient outcomes trends across multiple years."
health,"We examines disease prevention effects based on administrative records."
politics,"A recent study evaluates budget allocation outcomes using survey data."
health,"Researchers discusses healthcare access impacts with statistical methods."
politics,"Researchers models regulatory framework impacts with statistical methods."
business,"Researchers indicates investment strategy impacts with statistical methods."
business,"A recent study explores investment strategy outcomes using survey data."
politics,"A sustainable study indicates public policy outcomes using survey data."
politics,"A data-driven study discusses international relations outcomes using survey data."
health,"Researchers examines disease prevention impacts with statistical methods."
health,"Researchers explores healthcare access impacts with statistical methods."
politics,"Researchers reports parliament debate impacts with statistical methods."
business,"A innovative study models supply chain outcomes using survey data."
politics,"Researchers reports public policy impacts with statistical methods."
business,"This report reports market expansion trends across multiple years."
health,"An analysis explores clinical trial performance in different settings."
politics,"Researchers explores political campaign impacts with statistical methods."
health,"This report reports hospital capacity trends across multiple years."
health,"Researchers examines hospital capacity impacts with statistical methods."
health,"An analysis analyzes medical imaging performance in different settings."
politics,"A recent study discusses budget allocation outcomes using survey data."
politics,"An analysis indicates regulatory framework performance in different settings."
health,"An analysis reports mental health performance in different settings."
business,"Researchers explores startup funding impacts with statistical methods."
business,"Researchers evaluates financial forecast impacts with statistical methods."
health,"An analysis discusses patient outcomes performance in different settings."
politics,"We highlights public policy effects based on administrative records."
health,"We explores hospital capacity effects based on administrative records."
health,"This report highlights clinical trial trends across multiple years."
politics,"An analysis examines political campaign performance in different settings."
business,"We indicates market expansion effects based on administrative records."
health,"Researchers shows disease prevention impacts with statistical methods."
health,"Researchers indicates disease prevention impacts with statistical methods."
business,"Researchers explores investment strategy impacts with statistical methods."
business,"Researchers shows quarterly earnings impacts with statistical methods."
health,"This report shows healthcare access trends across multiple years."
health,"A recent study models patient outcomes outcomes using survey data."
health,"We indicates medical imaging effects based on administrative records."
politics,"This report discusses public administration trends across multiple years."
business,"We highlights investment strategy effects based on administrative records."
health,"A data-driven study models healthcare access outcomes using survey data."
health,"We evaluates hospital capacity effects based on administrative records."
business,"Researchers highlights supply chain impacts with statistical methods."
health,"A recent study indicates vaccine efficacy outcomes using survey data."
politics,"This report evaluates parliament debate trends across multiple years."
business,"An analysis shows quarterly earnings performance in different settings."
health,"Researchers models treatment protocol impacts with statistical methods."
business,"We explores operational efficiency effects based on administrative records."
health,"A recent study indicates clinical trial outcomes using survey data."
business,"This report models supply chain trends across multiple years."
health,"A comparative study explores disease prevention outcomes using survey data."
politics,"This report shows parliament debate trends across multiple years."
politics,"This report models international relations trends across multiple years."
business,"An analysis models customer growth performance in different settings."
business,"A sustainable study indicates corporate merger outcomes using survey data."
business,"Researchers analyzes financial forecast impacts with statistical methods."
politics,"An analysis reports parliament debate performance in different settings."
health,"This report models patient outcomes trends across multiple years."
business,"A data-driven study models product launch outcomes using survey data."
health,"Researchers reports treatment protocol impacts with statistical methods."
health,"A innovative study evaluates vaccine efficacy outcomes using survey data."
business,"Researchers explores customer growth impacts with statistical methods."
politics,"We explores parliament debate effects based on administrative records."
business,"We examines market expansion effects based on administrative records."
business,"We evaluates operational efficiency effects based on administrative records."
politics,"A short-term study examines political campaign outcomes using survey data."
health,"This report reports clinical trial trends across multiple years."
health,"We reports clinical trial effects based on administrative records."
health,"A regional study explores mental health outcomes using survey data."
health,"An analysis evaluates healthcare access performance in different settings."
politics,"An analysis discusses voting system performance in different settings."
politics,"We indicates international relations effects based on administrative records."
politics,"An analysis highlights voting system performance in different settings."
business,"This report indicates market expansion trends across multiple years."
health,"A long-term study evaluates clinical trial outcomes using survey data."
politics,"Researchers discusses government reform impacts with statistical methods."
health,"A short-term study indicates hospital capacity outcomes using survey data."
business,"Researchers evaluates startup funding impacts with statistical methods."
politics,"We discusses public administration effects based on administrative records."
health,"We reports hospital capacity effects based on administrative records."
politics,"We models parliament debate effects based on administrative records."
health,"Researchers examines healthcare access impacts with statistical methods."
business,"An analysis analyzes financial forecast performance in different settings."
politics,"This report shows parliament debate trends across multiple years."
business,"We highlights supply chain effects based on administrative records."
business,"We evaluates customer growth effects based on administrative records."
politics,"A data-driven study examines public administration outcomes using survey data."
health,"This report examines patient outcomes trends across multiple years."
health,"A comparative study discusses clinical trial outcomes using survey data."
health,"Researchers explores hospital capacity impacts with statistical methods."
health,"We shows healthcare access effects based on administrative records."
politics,"This report highlights regulatory framework trends across multiple years."
politics,"Researchers shows public administration impacts with statistical methods."
business,"An analysis evaluates financial forecast performance in different settings."
politics,"An analysis explores budget allocation performance in different settings."
business,"This report indicates investment strategy trends across multiple years."
business,"An analysis explores market expansion performance in different settings."
business,"An analysis shows market expansion performance in different settings."
health,"An analysis examines clinical trial performance in different settings."
health,"A data-driven study models medical imaging outcomes using survey data."
politics,"A data-driven study examines parliament debate outcomes using survey data."
business,"Researchers shows investment strategy impacts with statistical methods."
politics,"A evidence-based study discusses public administration outcomes using survey data."
business,"We examines operational efficiency effects based on administrative records."
business,"This report evaluates quarterly earnings trends across multiple years."
business,"A short-term study models customer growth outcomes using survey data."
health,"An analysis highlights disease prevention performance in different settings."
health,"Researchers models vaccine efficacy impacts with statistical methods."
politics,"A recent study indicates budget allocation outcomes using survey data."
health,"Researchers highlights public health impacts with statistical methods."
business,"An analysis reports market expansion performance in different settings."
health,"This report shows mental health trends across multiple years."
health,"An analysis models public health performance in different settings."
health,"Researchers evaluates public health impacts with statistical methods."
business,"An analysis indicates product launch performance in different settings."
health,"An analysis discusses vaccine efficacy performance in different settings."
politics,"A evidence-based study models election policy outcomes using survey data."
politics,"Researchers shows regulatory framework impacts with statistical methods."
politics,"This report evaluates political campaign trends across multiple years."
health,"Researchers evaluates medical imaging impacts with statistical methods."
health,"This report discusses vaccine efficacy trends across multiple years."
business,"Researchers evaluates investment strategy impacts with statistical methods."
business,"We reports product launch effects based on administrative records."
health,"A comparative study discusses medical imaging outcomes using survey data."
health,"An analysis analyzes vaccine efficacy performance in different settings."
business,"We analyzes operational efficiency effects based on administrative records."
politics,"We reports election policy effects based on administrative records."
health,"We indicates patient outcomes effects based on administrative records."
politics,"An analysis indicates election policy performance in different settings."
health,"We highlights vaccine efficacy effects based on administrative records."
health,"A short-term study examines public health outcomes using survey data."
health,"Researchers indicates disease prevention impacts with statistical methods."
business,"We shows customer growth effects based on administrative records."
politics,"We examines political campaign effects based on administrative records."
politics,"This report discusses public policy trends across multiple years."
health,"We examines clinical trial effects based on administrative records."
politics,"Researchers reports public administration impacts with statistical methods."
politics,"This report examines voting system trends across multiple years."
politics,"A sustainable study highlights public policy outcomes using survey data."
politics,"Researchers shows budget allocation impacts with statistical methods."
business,"An analysis highlights customer growth performance in different settings."
health,"We analyzes healthcare access effects based on administrative records."
business,"Researchers models corporate merger impacts with statistical methods."
