category,text
business,The startup secured venture capital from institutional funds to develop digital platforms.
business,Digital transformation initiatives helped industry innovators adapt to market changes and consumer needs.
business,The startup secured private investment from venture capitalists to develop AI technologies.
health,Surgical techniques advanced with clinical improvements improving surgical procedures outcomes.
politics,Political analysts predicted policy changes based on trend analysis and political trends.
business,International expansion plans include strategic locations to capture investment possibilities and robust expansion.
health,Healthcare policy changes aimed to improve quality and increase medical services for all patients.
politics,The supreme court ruled on civil rights disputes with implications for constitutional protections and constitutional principles.
health,Public health officials announced wellness campaigns to address environmental health and promote healthy behaviors.
health,Public health officials announced vaccination programs to address public health crises and promote preventive care.
health,Clinical trials showed encouraging findings for therapeutic approaches in treating genetic conditions.
politics,Diplomatic missions worked to resolve international disputes and maintain diplomatic harmony in the region.
politics,The governor declared assistance programs to combat public health emergencies and support affected communities.
politics,Diplomatic missions worked to resolve international disputes and maintain diplomatic harmony in the region.
politics,Local officials implemented economic assistance programs to enhance municipal services and reduce administrative costs.
politics,Policy makers proposed institutional changes to modernize administrative procedures and increase service quality.
business,The merger between financial institutions and complementary businesses created enhanced capabilities in the retail segment.
politics,The supreme court ruled on civil rights disputes with implications for civil liberties and equal protection.
politics,Local officials implemented economic assistance programs to enhance social services and reduce budget deficits.
politics,International diplomats negotiated defense pacts to improve diplomatic relations between nations.
politics,Local officials implemented economic assistance programs to enhance municipal services and reduce administrative costs.
health,Healthcare policy changes aimed to reduce costs and increase service availability for underserved populations.
business,Technology giants announced product launches to improve efficiency and expand international markets.
politics,Policy makers proposed structural improvements to modernize electoral systems and increase public accountability.
business,Investors showed strong confidence as growth rates reached significant levels in the reporting period.
business,Financial reports showed record achievements with gross income exceeding analyst projections.
business,The company reported improved profitability with operational efficiency increasing by 22% due to strategic partnerships.
business,Retail sales demonstrated robust expansion as consumers increased buying decisions on consumer goods.
business,Technology companies invested in cloud computing to enhance innovation capacity and pricing advantages.
business,Supply chain improvements resulted in efficiency gains and workflow improvements across service delivery.
business,Corporate executives launched efficiency projects to improve employee satisfaction and reduce production expenses.
business,International expansion plans include international territories to capture business prospects and strong momentum.
politics,The president signed federal legislation focusing on healthcare access and innovation promotion.
business,Technology companies invested in cloud computing to enhance market reach and pricing advantages.
health,Clinical trials showed encouraging findings for intervention strategies in treating chronic diseases.
business,Supply chain improvements resulted in cost savings and resource utilization across manufacturing processes.
business,The merger between global corporations and specialized firms created competitive advantages in the financial industry.
politics,International diplomats negotiated trade agreements to improve security cooperation between nations.
politics,Congressional leaders debated tax policies to strengthen energy infrastructure and promote transparency.
health,The research team published evidence reviews demonstrating treatment success of therapeutic methods.
politics,The president signed federal legislation focusing on education reform and sustainable development.
politics,Government agencies launched educational initiatives to promote stakeholder engagement about infrastructure decay.
politics,The supreme court ruled on regulatory challenges with implications for human rights and constitutional principles.
politics,Policy makers proposed structural improvements to modernize government processes and increase service quality.
health,The research team published scientific reports demonstrating clinical effectiveness of intervention strategies.
health,Surgical techniques advanced with treatment innovations improving medical interventions outcomes.
business,The startup secured government grants from venture capitalists to develop AI technologies.
business,Investors showed growing interest as economic indicators reached new benchmarks in the financial year.
business,The startup secured series funding from institutional funds to develop mobile applications.
business,Financial reports showed strong performance with gross income exceeding target goals.
politics,The government announced tax reforms to address climate change and improve renewable energy.
politics,Congressional leaders debated environmental legislation to strengthen national defense and promote innovation.
business,The board approved strategic investments focusing on digital transformation and operational excellence.
politics,International diplomats negotiated trade agreements to improve economic ties between nations.
business,Retail chains announced acquisition deals to improve efficiency and expand customer base.
business,Technology companies invested in blockchain technology to enhance operational capabilities and customer value.
health,Clinical trials showed promising results for rehabilitation methods in treating chronic diseases.
politics,Election officials announced technology upgrades to ensure electoral integrity in the democratic process.
health,Diagnostic tools improved diagnostic accuracy of medical disorders enabling clinical response.
business,Retail sales demonstrated significant increases as consumers increased purchasing behavior on consumer goods.
health,The research team published research findings demonstrating treatment success of clinical practices.
health,Surgical techniques advanced with clinical improvements improving medical interventions outcomes.
health,The study revealed significant findings about protective factors and its effect on physical fitness.
politics,The president signed executive orders focusing on environmental protection and social equity.
politics,The supreme court ruled on constitutional cases with implications for voting rights and legal equality.
politics,The president signed budget proposals focusing on economic recovery and innovation promotion.
business,Market analysts predicted continued growth based on consumer surveys and industry patterns.
health,Health experts recommended evidence-based recommendations to prevent medical risks and maintain quality of life.
health,Healthcare workers received continuing education on care standards to improve treatment safety.
health,Hospital systems adopted diagnostic tools to enhance medical management and streamline treatment protocols.
health,Pharmaceutical companies developed treatment options targeting disease mechanisms for oncology.
politics,Government agencies launched educational initiatives to promote stakeholder engagement about public safety.
health,Preventive medicine initiatives focused on preventive care to reduce disease burden.
politics,Legislative committees approved emergency funds for transportation systems and community development.
politics,Political analysts predicted legislative outcomes based on trend analysis and public opinion.
health,Health experts recommended care standards to prevent disease risk and maintain wellbeing.
business,Investors showed growing interest as economic indicators reached historic peaks in the reporting period.
business,Financial reports showed positive outcomes with total revenue exceeding target goals.
business,The acquisition of market leaders will strengthen market position and provide market opportunities.
politics,The governor declared recovery programs to combat natural disasters and support business owners.
health,Mental health services expanded healthcare access to provide therapeutic assistance for vulnerable populations.
business,The company reported exceptional growth with stock price increasing by 30% due to strategic partnerships.
health,Healthcare workers received competency training on clinical procedures to improve care quality.
health,Healthcare policy changes aimed to enhance access and increase healthcare accessibility for all patients.
business,Supply chain improvements resulted in cost savings and workflow improvements across supply chains.
business,The board approved innovation projects focusing on cost reduction and operational excellence.
business,Technology companies invested in blockchain technology to enhance innovation capacity and pricing advantages.
politics,Diplomatic missions worked to resolve territorial conflicts and maintain international peace in the region.
business,Financial reports showed strong performance with operating income exceeding investor expectations.
business,The company reported solid financial performance with profit margins increasing by 22% due to successful product launches.
politics,Parliament voted on tax reform bill that will establish protections for urban areas.
politics,Local officials implemented community development initiatives to enhance public utilities and reduce budget deficits.
business,The acquisition of valuable assets will strengthen industry leadership and provide growth potential.
health,Healthcare workers received skill development on clinical procedures to improve clinical safety.
politics,Political analysts predicted election results based on opinion polls and public opinion.
business,Technology companies invested in cloud computing to enhance service delivery and service quality.
politics,The senate committee investigated environmental damage affecting workers across the nation.
health,Surgical techniques advanced with medical breakthroughs improving medical interventions outcomes.
business,Technology companies invested in cloud computing to enhance innovation capacity and service quality.
business,Market analysts predicted increased demand based on financial analysis and industry patterns.
politics,The government announced social programs to address economic inequality and improve economic growth.
politics,Political analysts predicted policy changes based on opinion polls and demographic changes.
health,The research team published scientific reports demonstrating treatment success of treatment approaches.
politics,The supreme court ruled on civil rights disputes with implications for constitutional protections and due process.
business,The board approved innovation projects focusing on cost reduction and operational excellence.
health,The research team published scientific reports demonstrating therapeutic benefits of care models.
politics,The government announced education initiatives to address public safety and improve public health.
health,Healthcare providers implemented early intervention to improve treatment effectiveness and reduce costs.
politics,Political analysts predicted election results based on trend analysis and political trends.
business,Retail sales demonstrated significant increases as consumers increased investment activity on essential products.
health,Diagnostic tools improved accurate diagnosis of disease conditions enabling medical care.
politics,The government announced immigration policies to address infrastructure decay and improve public transportation.
business,The acquisition of valuable assets will strengthen business portfolio and provide market opportunities.
health,Preventive medicine initiatives focused on wellness strategies to reduce healthcare utilization.
business,The company reported solid financial performance with stock price increasing by 12% due to market expansion.
health,The research team published evidence reviews demonstrating clinical effectiveness of intervention strategies.
health,Healthcare workers received continuing education on care standards to improve clinical safety.
politics,Congressional leaders debated immigration measures to strengthen healthcare system and promote security.
business,The board approved strategic investments focusing on cost reduction and competitive advantage.
business,Retail chains announced strategic partnerships to drive innovation and expand digital services.
business,The startup secured venture capital from private investors to develop digital platforms.
business,Corporate executives launched training programs to improve customer service and reduce supply chain costs.
politics,The government announced defense strategies to address climate change and improve public health.
politics,Parliament voted on immigration reform that will improve access for urban areas.
health,Medical researchers discovered revolutionary findings that could transform treatment options for patients with cancer.
health,Medical researchers discovered cutting-edge research that could save lives for patients with mental health conditions.
politics,Congressional leaders debated tax policies to strengthen social services and promote innovation.
politics,Policy makers proposed structural improvements to modernize government processes and increase cost effectiveness.
business,International expansion plans include growth markets to capture market opportunities and significant increases.
health,Hospital systems adopted diagnostic tools to enhance treatment delivery and streamline clinical processes.
business,Retail sales demonstrated significant increases as consumers increased expenditure patterns on luxury items.
business,Financial reports showed strong performance with operating income exceeding investor expectations.
politics,International diplomats negotiated peace treaties to improve cultural exchanges between nations.
business,Corporate executives launched quality improvements to improve operational efficiency and reduce production expenses.
politics,The senate committee investigated civil rights violations affecting families across the nation.
business,Market analysts predicted strong performance based on financial analysis and economic cycles.
politics,Legislative committees approved state appropriations for transportation systems and economic development.
health,Surgical techniques advanced with treatment innovations improving therapeutic techniques outcomes.
politics,The governor declared recovery programs to combat public health emergencies and support local residents.
health,Pharmaceutical companies developed innovative drugs targeting cellular processes for oncology.
politics,Parliament voted on the infrastructure bill that will expand coverage for rural communities.
business,Corporate executives launched training programs to improve employee satisfaction and reduce supply chain costs.
health,Hospital systems adopted medical devices to enhance clinical services and streamline patient management.
politics,Congressional leaders debated environmental legislation to strengthen healthcare system and promote innovation.
health,Public health officials announced education programs to address health disparities and promote community wellness.
politics,Legislative committees approved state appropriations for road infrastructure and social development.
business,Supply chain improvements resulted in quality improvements and operational efficiency across business operations.
health,Health experts recommended best practices to prevent safety concerns and maintain health maintenance.
politics,The senate committee investigated election security affecting communities across the nation.
politics,International diplomats negotiated economic partnerships to improve security cooperation between nations.
politics,The governor declared emergency measures to combat social unrest and support business owners.
business,Market analysts predicted positive trends based on market research and consumer behavior.
business,Technology companies invested in artificial intelligence to enhance market reach and pricing advantages.
health,Healthcare providers implemented medical care to improve treatment effectiveness and reduce wait times.
health,Public health officials announced screening initiatives to address public health crises and promote healthy behaviors.
business,The merger between financial institutions and regional leaders created operational synergies in the financial industry.
health,The research team published clinical studies demonstrating clinical effectiveness of clinical practices.
politics,Government agencies launched educational initiatives to promote citizen education about unemployment.
politics,Policy makers proposed procedural updates to modernize administrative procedures and increase operational efficiency.
politics,Political analysts predicted policy changes based on voter surveys and public opinion.
politics,Parliament voted on voting rights act that will provide funding for small businesses.
business,Financial institutions announced acquisition deals to reduce costs and expand product lines.
health,The research team published scientific reports demonstrating treatment success of therapeutic methods.
politics,The governor declared development plans to combat social unrest and support business owners.
politics,The senate committee investigated foreign interference affecting families across the nation.
politics,The governor declared development plans to combat natural disasters and support vulnerable populations.
politics,Policy makers proposed democratic reforms to modernize administrative procedures and increase cost effectiveness.
health,Hospital systems adopted diagnostic tools to enhance clinical services and streamline treatment protocols.
politics,Local officials implemented voter education programs to enhance public utilities and reduce infrastructure problems.
business,Investors showed cautious optimism as performance metrics reached new benchmarks in the fiscal quarter.
business,Technology giants announced strategic partnerships to increase market share and expand customer base.
business,Digital transformation initiatives helped industry innovators adapt to competitive dynamics and service requests.
business,Financial institutions announced investment initiatives to drive innovation and expand product lines.
business,Investors showed positive outlook as profit margins reached record highs in the fiscal quarter.
health,Surgical techniques advanced with technological innovations improving surgical procedures outcomes.
business,The company reported exceptional growth with market share increasing by 28% due to innovation initiatives.
business,Market analysts predicted increased demand based on market research and economic cycles.
politics,Election officials announced security enhancements to ensure electoral integrity in the democratic process.
politics,The senate committee investigated election security affecting businesses across the nation.
business,Investors showed cautious optimism as profit margins reached significant levels in the business cycle.
business,Financial institutions announced investment initiatives to reduce costs and expand operational capacity.
health,Clinical trials showed promising results for rehabilitation methods in treating genetic conditions.
business,Technology companies invested in automation systems to enhance technical expertise and market competitiveness.
health,The study revealed important discoveries about lifestyle choices and its effect on immune function.
health,Clinical trials showed encouraging findings for intervention strategies in treating rare disorders.
politics,The government announced immigration policies to address housing shortage and improve national security.
health,Preventive medicine initiatives focused on preventive care to reduce medical costs.
business,The board approved restructuring plans focusing on customer engagement and customer satisfaction.
health,Hospital systems adopted artificial intelligence to enhance treatment delivery and streamline administrative workflows.
business,The startup secured bank loans from institutional funds to develop mobile applications.
business,Technology companies invested in automation systems to enhance innovation capacity and market competitiveness.
health,The study revealed important discoveries about environmental influences and its effect on physical fitness.
business,The board approved innovation projects focusing on customer engagement and market leadership.
politics,Government agencies launched educational initiatives to promote stakeholder engagement about housing shortage.
health,Diagnostic tools improved diagnostic accuracy of medical disorders enabling therapeutic intervention.
business,Supply chain improvements resulted in time reductions and operational efficiency across business operations.
health,The study revealed research insights about genetic factors and its effect on physical fitness.
politics,The governor declared recovery programs to combat social unrest and support vulnerable populations.
politics,The president signed defense authorization focusing on healthcare access and job creation.
politics,Legislative committees approved emergency funds for communication networks and community development.
business,Corporate executives launched sustainability programs to improve operational efficiency and reduce marketing expenses.
health,Clinical trials showed promising results for new medications in treating chronic diseases.
health,Health experts recommended clinical guidelines to prevent adverse outcomes and maintain quality of life.
business,Supply chain improvements resulted in cost savings and resource utilization across service delivery.
politics,International diplomats negotiated trade agreements to improve security cooperation between nations.
health,The study revealed important discoveries about lifestyle choices and its effect on cardiovascular health.
politics,Parliament voted on healthcare reform that will improve access for working families.
health,Public health officials announced vaccination programs to address access barriers and promote community wellness.
politics,Legislative committees approved state appropriations for communication networks and infrastructure development.
health,Healthcare policy changes aimed to reduce costs and increase care access for all patients.
health,The research team published scientific reports demonstrating measurable improvements of treatment approaches.
politics,Government agencies launched awareness campaigns to promote public awareness about infrastructure decay.
health,Health experts recommended evidence-based recommendations to prevent disease risk and maintain health maintenance.
health,Diagnostic tools improved diagnostic accuracy of pathological states enabling therapeutic intervention.
politics,Diplomatic missions worked to resolve diplomatic tensions and maintain international peace in the region.
health,Health experts recommended best practices to prevent medical risks and maintain disease prevention.
business,Investors showed positive outlook as growth rates reached significant levels in the financial year.
politics,Diplomatic missions worked to resolve international disputes and maintain peaceful coexistence in the region.
politics,The president signed executive orders focusing on education reform and sustainable development.
politics,Election officials announced security enhancements to ensure accountability in the democratic process.
business,Retail sales demonstrated significant increases as consumers increased buying decisions on essential products.
health,Healthcare providers implemented medical care to improve health indicators and reduce costs.
health,Mental health services expanded service availability to provide therapeutic assistance for at-risk individuals.
politics,Government agencies launched educational initiatives to promote stakeholder engagement about education quality.
health,Hospital systems adopted medical devices to enhance medical management and streamline care delivery.
health,Pharmaceutical companies developed treatment options targeting molecular targets for neurology.
politics,Policy makers proposed democratic reforms to modernize administrative procedures and increase operational efficiency.
business,Investors showed growing interest as market indices reached record highs in the business cycle.
health,Public health officials announced vaccination programs to address environmental health and promote wellness education.
health,Healthcare workers received competency training on safety protocols to improve treatment safety.
politics,Election officials announced security enhancements to ensure transparency in the democratic process.
business,International expansion plans include international territories to capture development chances and strong momentum.
business,Technology companies invested in automation systems to enhance operational capabilities and operational efficiency.
business,Supply chain improvements resulted in performance enhancements and workflow improvements across supply chains.
politics,Legislative committees approved emergency funds for communication networks and social development.
politics,The government announced new economic policies to address infrastructure decay and improve environmental protection.
politics,Political analysts predicted election results based on demographic studies and public opinion.
business,Financial reports showed record achievements with gross income exceeding market forecasts.
business,The company reported improved profitability with revenue increasing by 30% due to successful product launches.
business,International expansion plans include international territories to capture growth potential and strong momentum.
politics,Election officials announced security enhancements to ensure public trust in the democratic process.
business,The acquisition of key companies will strengthen competitive standing and provide operational benefits.
business,Supply chain improvements resulted in time reductions and productivity gains across supply chains.
business,The company reported record annual earnings with operational efficiency increasing by 20% due to cost optimization.
politics,Parliament voted on the infrastructure bill that will establish protections for rural communities.
health,Medical researchers discovered breakthrough treatments that could improve patient outcomes for patients with heart disease.
health,Healthcare policy changes aimed to enhance access and increase service availability for all patients.
health,The study revealed significant findings about genetic factors and its effect on cardiovascular health.
politics,Election officials announced accessibility measures to ensure electoral integrity in the democratic process.
business,Supply chain improvements resulted in performance enhancements and operational efficiency across manufacturing processes.
politics,Policy makers proposed procedural updates to modernize administrative procedures and increase cost effectiveness.
politics,Parliament voted on voting rights act that will create opportunities for seniors.
business,The merger between industry leaders and strategic partners created increased value in the retail segment.
politics,Election officials announced security enhancements to ensure transparency in the democratic process.
business,Investors showed increased enthusiasm as performance metrics reached new benchmarks in the fiscal quarter.
politics,Government agencies launched educational initiatives to promote community understanding about education quality.
health,Surgical techniques advanced with medical breakthroughs improving clinical procedures outcomes.
business,Technology giants announced acquisition deals to enhance customer experience and expand product lines.
business,The merger between industry leaders and regional leaders created competitive advantages in the manufacturing industry.
health,Healthcare policy changes aimed to improve healthcare delivery and increase care access for underserved populations.
politics,The supreme court ruled on regulatory challenges with implications for constitutional protections and constitutional principles.
business,The company reported improved profitability with revenue increasing by 18% due to cost optimization.
politics,Government agencies launched public information drives to promote community understanding about education quality.
politics,The supreme court ruled on constitutional cases with implications for human rights and fair representation.
health,Pharmaceutical companies developed pharmaceutical solutions targeting molecular targets for cardiology.
health,Medical researchers discovered innovative therapies that could save lives for patients with neurological disorders.
politics,Congressional leaders debated defense spending bills to strengthen social services and promote innovation.
health,Mental health services expanded treatment access to provide treatment support for at-risk individuals.
politics,The senate committee investigated environmental damage affecting minorities across the nation.
business,The acquisition of key companies will strengthen market position and provide growth potential.
health,Medical researchers discovered innovative therapies that could save lives for patients with mental health conditions.
business,The board approved expansion initiatives focusing on cost reduction and financial growth.
politics,The senate committee investigated foreign interference affecting communities across the nation.
health,Mental health services expanded service availability to provide patient advocacy for vulnerable populations.
politics,Parliament voted on tax reform bill that will expand coverage for working families.
business,International expansion plans include strategic locations to capture development chances and positive development.
politics,Local officials implemented public safety measures to enhance public transportation and reduce infrastructure problems.
health,Healthcare workers received specialized training on treatment guidelines to improve healthcare standards.
health,Hospital systems adopted telemedicine platforms to enhance healthcare coordination and streamline patient management.
business,Digital transformation initiatives helped forward-thinking companies adapt to market changes and market requirements.
business,Market analysts predicted positive trends based on market research and consumer behavior.
health,Healthcare policy changes aimed to improve healthcare delivery and increase care access for all patients.
politics,Parliament voted on immigration reform that will provide funding for seniors.
business,Digital transformation initiatives helped established firms adapt to industry evolution and customer demand.
health,Diagnostic tools improved early detection of health problems enabling medical care.
business,The startup secured series funding from crowdfunding to develop digital platforms.
health,Healthcare workers received specialized training on clinical procedures to improve patient safety.
business,The board approved restructuring plans focusing on growth strategies and competitive advantage.
politics,Diplomatic missions worked to resolve diplomatic tensions and maintain diplomatic harmony in the region.
business,Corporate executives launched efficiency projects to improve product quality and reduce administrative overhead.
health,Preventive medicine initiatives focused on wellness strategies to reduce disease burden.
politics,The senate committee investigated foreign interference affecting students across the nation.
politics,Congressional leaders debated tax policies to strengthen national defense and promote innovation.
health,Pharmaceutical companies developed new medications targeting cellular processes for oncology.
politics,Diplomatic missions worked to resolve international disputes and maintain international peace in the region.
business,Retail sales demonstrated steady growth as consumers increased consumer spending on luxury items.
business,The board approved acquisition proposals focusing on cost reduction and market leadership.
politics,Local officials implemented public safety measures to enhance social services and reduce service delays.
health,Healthcare policy changes aimed to strengthen systems and increase medical services for all patients.
politics,The government announced environmental regulations to address economic inequality and improve social welfare.
health,Healthcare workers received continuing education on clinical procedures to improve patient safety.
politics,Legislative committees approved state appropriations for public facilities and economic development.
health,Medical researchers discovered innovative therapies that could enhance quality of life for patients with autoimmune diseases.
business,Supply chain improvements resulted in quality improvements and operational efficiency across organizational functions.
business,Digital transformation initiatives helped established firms adapt to consumer preferences and business expectations.
politics,International diplomats negotiated peace treaties to improve security cooperation between nations.
business,Digital transformation initiatives helped forward-thinking companies adapt to technological shifts and market requirements.
health,Diagnostic tools improved disease identification of disease conditions enabling clinical response.
health,Pharmaceutical companies developed pharmaceutical solutions targeting disease mechanisms for cardiology.
politics,The supreme court ruled on federal jurisdiction matters with implications for civil liberties and due process.
politics,The governor declared recovery programs to combat public health emergencies and support business owners.
business,Market analysts predicted continued growth based on consumer surveys and market trends.
health,Mental health services expanded service availability to provide therapeutic assistance for vulnerable populations.
business,The acquisition of key companies will strengthen market position and provide strategic value.
business,Corporate executives launched sustainability programs to improve customer service and reduce supply chain costs.
politics,Policy makers proposed democratic reforms to modernize government processes and increase service quality.
business,Digital transformation initiatives helped forward-thinking companies adapt to technological shifts and market requirements.
business,Healthcare providers announced strategic partnerships to increase market share and expand customer base.
health,Healthcare providers implemented medical care to improve care quality and reduce medical errors.
politics,Election officials announced technology upgrades to ensure transparency in the democratic process.
health,Healthcare providers implemented medical care to improve health indicators and reduce infection rates.
health,Mental health services expanded service availability to provide psychological support for patient groups.
health,Medical researchers discovered novel approaches that could save lives for patients with neurological disorders.
business,Financial reports showed positive outcomes with operating income exceeding target goals.
politics,Local officials implemented economic assistance programs to enhance emergency services and reduce budget deficits.
business,The company reported improved profitability with revenue increasing by 30% due to cost optimization.
business,The merger between market players and innovative startups created market leadership in the retail segment.
health,Healthcare policy changes aimed to improve quality and increase healthcare accessibility for diverse communities.
business,Retail sales demonstrated significant increases as consumers increased consumer spending on essential products.
health,The study revealed clinical evidence about risk factors and its effect on physical fitness.
health,Preventive medicine initiatives focused on wellness strategies to reduce healthcare utilization.
business,Manufacturing companies announced investment initiatives to reduce costs and expand international markets.
health,Pharmaceutical companies developed treatment options targeting therapeutic targets for cardiology.
politics,Government agencies launched outreach programs to promote stakeholder engagement about economic inequality.
health,Healthcare workers received competency training on treatment guidelines to improve treatment safety.
business,Digital transformation initiatives helped established firms adapt to competitive dynamics and customer demand.
health,Healthcare providers implemented medical care to improve safety measures and reduce readmissions.
health,Preventive medicine initiatives focused on preventive care to reduce disease burden.
politics,Local officials implemented public safety measures to enhance municipal services and reduce budget deficits.
health,Public health officials announced screening initiatives to address access barriers and promote wellness education.
politics,The president signed budget proposals focusing on healthcare access and innovation promotion.
health,Mental health services expanded care delivery to provide care services for patient groups.
politics,Policy makers proposed democratic reforms to modernize administrative procedures and increase service quality.
business,Corporate executives launched sustainability programs to improve customer service and reduce marketing expenses.
business,The merger between technology companies and specialized firms created competitive advantages in the manufacturing industry.
health,Public health officials announced prevention strategies to address environmental health and promote preventive care.
health,Diagnostic tools improved early detection of health problems enabling clinical response.
health,Health experts recommended clinical guidelines to prevent health complications and maintain optimal health.
politics,International diplomats negotiated peace treaties to improve trade partnerships between nations.
politics,Congressional leaders debated environmental legislation to strengthen energy infrastructure and promote sustainability.
health,The study revealed significant findings about protective factors and its effect on immune function.
health,Surgical techniques advanced with treatment innovations improving therapeutic techniques outcomes.
business,Digital transformation initiatives helped industry innovators adapt to industry evolution and customer demand.
health,The study revealed clinical evidence about lifestyle choices and its effect on immune function.
health,Health experts recommended best practices to prevent medical risks and maintain optimal health.
politics,The president signed federal legislation focusing on education reform and deficit reduction.
business,Retail sales demonstrated robust expansion as consumers increased consumer spending on essential products.
business,Retail sales demonstrated significant increases as consumers increased expenditure patterns on technology products.
health,Healthcare policy changes aimed to improve healthcare delivery and increase care access for patient populations.
business,International expansion plans include growth markets to capture investment possibilities and strong momentum.
health,Healthcare workers received specialized training on best practices to improve treatment safety.
health,Pharmaceutical companies developed new medications targeting cellular processes for psychiatry.
health,Pharmaceutical companies developed treatment options targeting molecular targets for immunology.
business,Digital transformation initiatives helped established firms adapt to consumer preferences and service requests.
business,Investors showed strong confidence as economic indicators reached record highs in the financial year.
health,Preventive medicine initiatives focused on disease prevention to reduce medical costs.
health,Mental health services expanded medical services to provide care services for at-risk individuals.
politics,The governor declared assistance programs to combat natural disasters and support local residents.
health,Preventive medicine initiatives focused on disease prevention to reduce population health.
business,The company reported record annual earnings with customer satisfaction increasing by 25% due to innovation initiatives.
politics,Political analysts predicted election results based on trend analysis and voting patterns.
health,Clinical trials showed promising results for intervention strategies in treating infectious diseases.
politics,Election officials announced technology upgrades to ensure transparency in the democratic process.
business,The acquisition of strategic targets will strengthen industry leadership and provide competitive advantages.
health,Clinical trials showed notable benefits for new medications in treating metabolic disorders.
health,Diagnostic tools improved early detection of disease conditions enabling therapeutic intervention.
politics,The senate committee investigated foreign interference affecting voters across the nation.
politics,Diplomatic missions worked to resolve international disputes and maintain peaceful coexistence in the region.
health,Medical researchers discovered innovative therapies that could reduce suffering for patients with mental health conditions.
politics,Political analysts predicted political shifts based on voter surveys and public opinion.
politics,International diplomats negotiated defense pacts to improve trade partnerships between nations.
business,The acquisition of valuable assets will strengthen industry leadership and provide growth potential.
politics,The governor declared assistance programs to combat economic downturns and support affected communities.
politics,Local officials implemented public safety measures to enhance public transportation and reduce administrative costs.
health,Diagnostic tools improved screening effectiveness of health problems enabling clinical response.
politics,Congressional leaders debated immigration measures to strengthen healthcare system and promote transparency.
politics,The senate committee investigated economic inequality affecting businesses across the nation.
health,Diagnostic tools improved accurate diagnosis of health problems enabling medical care.
politics,The supreme court ruled on federal jurisdiction matters with implications for human rights and fair representation.
politics,Parliament voted on the infrastructure bill that will provide funding for veterans.
health,Clinical trials showed encouraging findings for rehabilitation methods in treating genetic conditions.
politics,The president signed federal legislation focusing on economic recovery and innovation promotion.
business,The startup secured bank loans from private investors to develop digital platforms.
politics,Legislative committees approved federal funding for road infrastructure and economic development.
politics,Government agencies launched public information drives to promote stakeholder engagement about economic inequality.
politics,Diplomatic missions worked to resolve trade disagreements and maintain regional stability in the region.
business,The startup secured venture capital from strategic partners to develop innovative solutions.
politics,Diplomatic missions worked to resolve international disputes and maintain regional stability in the region.
health,Public health officials announced education programs to address disease outbreaks and promote wellness education.
health,Clinical trials showed positive outcomes for therapeutic approaches in treating rare disorders.
health,Medical researchers discovered innovative therapies that could enhance quality of life for patients with autoimmune diseases.
politics,Election officials announced accessibility measures to ensure electoral integrity in the democratic process.
politics,The president signed trade agreements focusing on infrastructure investment and deficit reduction.
business,Retail sales demonstrated significant increases as consumers increased purchasing behavior on essential products.
business,International expansion plans include growth markets to capture business prospects and steady growth.
politics,Congressional leaders debated education reforms to strengthen transportation networks and promote security.
health,Healthcare providers implemented timely treatment to improve patient outcomes and reduce complications.
politics,Legislative committees approved development grants for road infrastructure and social development.
business,Corporate executives launched innovation labs to improve product quality and reduce operational costs.
business,Market analysts predicted strong performance based on market research and industry patterns.
health,Health experts recommended treatment protocols to prevent medical risks and maintain disease prevention.
politics,Legislative committees approved emergency funds for transportation systems and infrastructure development.
health,Healthcare providers implemented timely treatment to improve health indicators and reduce medical errors.
health,Preventive medicine initiatives focused on health promotion to reduce healthcare utilization.
health,Mental health services expanded treatment access to provide therapeutic assistance for communities.
health,Hospital systems adopted electronic health records to enhance clinical services and streamline treatment protocols.
business,International expansion plans include new regions to capture market opportunities and steady growth.
business,The merger between market players and regional leaders created enhanced capabilities in the retail segment.
health,Surgical techniques advanced with technological innovations improving treatment methods outcomes.
business,Financial reports showed exceptional growth with sales figures exceeding industry benchmarks.
business,The merger between global corporations and innovative startups created competitive advantages in the financial industry.
politics,The government announced tax reforms to address public safety and improve economic growth.
health,Preventive medicine initiatives focused on preventive care to reduce healthcare utilization.
health,Hospital systems adopted electronic health records to enhance clinical services and streamline clinical processes.
business,The merger between financial institutions and strategic partners created enhanced capabilities in the retail segment.
health,Healthcare providers implemented therapeutic intervention to improve health indicators and reduce wait times.
health,Hospital systems adopted electronic health records to enhance clinical services and streamline care delivery.
business,International expansion plans include strategic locations to capture development chances and positive development.
business,Market analysts predicted continued growth based on industry reports and industry patterns.
business,Market analysts predicted strong performance based on economic indicators and industry patterns.
politics,The government announced environmental regulations to address healthcare access and improve economic growth.
business,The acquisition of market leaders will strengthen business portfolio and provide growth potential.
health,The study revealed significant findings about protective factors and its effect on immune function.
health,The research team published clinical studies demonstrating therapeutic benefits of treatment approaches.
business,Financial reports showed record achievements with gross income exceeding analyst projections.
business,The startup secured bank loans from venture capitalists to develop innovative solutions.
health,Healthcare providers implemented timely treatment to improve care quality and reduce medical errors.
health,Surgical techniques advanced with medical breakthroughs improving therapeutic techniques outcomes.
business,Financial reports showed exceptional growth with operating income exceeding target goals.
business,The board approved expansion initiatives focusing on digital transformation and operational excellence.
politics,The supreme court ruled on regulatory challenges with implications for voting rights and constitutional principles.
politics,International diplomats negotiated economic partnerships to improve cultural exchanges between nations.
health,Pharmaceutical companies developed new medications targeting biological pathways for cardiology.
politics,Political analysts predicted policy changes based on trend analysis and demographic changes.
health,Public health officials announced wellness campaigns to address public health crises and promote healthy behaviors.
business,Corporate executives launched sustainability programs to improve product quality and reduce supply chain costs.
health,Medical researchers discovered innovative therapies that could save lives for patients with cancer.
health,Mental health services expanded treatment access to provide treatment support for communities.
health,Health experts recommended best practices to prevent adverse outcomes and maintain optimal health.
business,The acquisition of strategic targets will strengthen competitive standing and provide strategic value.
